{
  "version": 1,
  "author": "Uri Shaked",
  "editor": "wokwi",
  "parts": [
    {
      "type": "board-esp32-devkit-c-v4",
      "id": "esp",
      "top": 9.6,
      "left": -100.76,
      "attrs": { "env": "micropython-20231005-v1.21.0" }
    },
    {
      "type": "wokwi-led",
      "id": "led1",
      "top": 15.6,
      "left": 157.4,
      "rotate": 90,
      "attrs": { "color": "red" }
    },
    {
      "type": "wokwi-resistor",
      "id": "r2",
      "top": 80.75,
      "left": 76.8,
      "attrs": { "value": "1000" }
    },
    { "type": "wokwi-potentiometer", "id": "pot2", "top": -154.9, "left": -182.6, "attrs": {} }
  ],
  "connections": [
    [ "esp:TX", "$serialMonitor:RX", "", [] ],
    [ "esp:RX", "$serialMonitor:TX", "", [] ],
    [ "esp:GND.2", "led1:C", "black", [ "v0" ] ],
    [ "led1:A", "r2:2", "green", [ "h0" ] ],
    [ "r2:1", "esp:0", "green", [ "v0" ] ],
    [ "pot2:SIG", "esp:14", "green", [ "v0" ] ],
    [ "esp:GND.2", "pot2:GND", "black", [ "v0" ] ],
    [ "esp:3V3", "pot2:VCC", "green", [ "h0" ] ]
  ],
  "dependencies": {}
}