{
  "version": 1,
  "author": "Uri Shaked",
  "editor": "wokwi",
  "parts": [
    {
      "type": "board-esp32-devkit-c-v4",
      "id": "esp",
      "top": 9.6,
      "left": -100.76,
      "attrs": { "env": "micropython-20231005-v1.21.0" }
    },
    { "type": "wokwi-relay-module", "id": "relay1", "top": 9.8, "left": 57.6, "attrs": {} },
    { "type": "wokwi-led", "id": "led1", "top": 92.4, "left": 157.4, "attrs": { "color": "red" } },
    {
      "type": "wokwi-resistor",
      "id": "r1",
      "top": 90.35,
      "left": 57.6,
      "attrs": { "value": "1000" }
    },
    {
      "type": "wokwi-led",
      "id": "led2",
      "top": 188.4,
      "left": 157.4,
      "attrs": { "color": "red" }
    },
    {
      "type": "wokwi-resistor",
      "id": "r2",
      "top": 186.35,
      "left": 57.6,
      "attrs": { "value": "1000" }
    }
  ],
  "connections": [
    [ "esp:TX", "$serialMonitor:RX", "", [] ],
    [ "esp:RX", "$serialMonitor:TX", "", [] ],
    [ "esp:15", "relay1:IN", "green", [ "h19.2", "v-134.2" ] ],
    [ "relay1:VCC", "esp:5V", "red", [ "v-76.8", "h-220.8", "v259.2" ] ],
    [ "relay1:GND", "esp:GND.2", "black", [ "h0" ] ],
    [ "esp:GND.3", "r1:1", "black", [ "h0" ] ],
    [ "led2:C", "r2:2", "green", [ "v0", "h-38" ] ],
    [ "esp:GND.3", "r2:1", "black", [ "h0" ] ],
    [ "r1:2", "led1:C", "green", [ "v0" ] ],
    [ "led1:A", "relay1:NO", "green", [ "h38.4", "v-84.6" ] ],
    [ "led2:A", "relay1:NC", "green", [ "h57.6", "v-200.4" ] ],
    [ "relay1:COM", "esp:3V3", "green", [ "v-68.6", "h-267.75" ] ]
  ],
  "dependencies": {}
}