{
  "version": 1,
  "author": "Uri Shaked",
  "editor": "wokwi",
  "parts": [
    {
      "type": "board-esp32-devkit-c-v4",
      "id": "esp",
      "top": 9.6,
      "left": -100.76,
      "attrs": { "env": "micropython-20231005-v1.21.0" }
    },
    {
      "type": "wokwi-pushbutton",
      "id": "btn1",
      "top": 275,
      "left": 57.6,
      "rotate": 90,
      "attrs": { "color": "green", "xray": "1" }
    },
    {
      "type": "wokwi-led",
      "id": "led1",
      "top": 15.6,
      "left": 157.4,
      "rotate": 90,
      "attrs": { "color": "red" }
    },
    {
      "type": "wokwi-resistor",
      "id": "r2",
      "top": 80.75,
      "left": 76.8,
      "attrs": { "value": "1000" }
    }
  ],
  "connections": [
    [ "esp:TX", "$serialMonitor:RX", "", [] ],
    [ "esp:RX", "$serialMonitor:TX", "", [] ],
    [ "btn1:1.r", "esp:14", "green", [ "v51.5", "h-255.7", "v-240" ] ],
    [ "esp:5V", "btn1:2.l", "red", [ "v48", "h179.25" ] ],
    [ "esp:GND.2", "led1:C", "black", [ "v0" ] ],
    [ "led1:A", "r2:2", "green", [ "h0" ] ],
    [ "r2:1", "esp:0", "green", [ "v0" ] ]
  ],
  "dependencies": {}
}