{
  "version": 1,
  "author": "Uri Shaked",
  "editor": "wokwi",
  "parts": [
    {
      "type": "board-esp32-devkit-c-v4",
      "id": "esp",
      "top": 9.6,
      "left": -100.76,
      "attrs": { "env": "micropython-20231005-v1.21.0" }
    },
    {
      "type": "wokwi-7segment",
      "id": "sevseg1",
      "top": 62.58,
      "left": 91.48,
      "attrs": { "common": "cathode" }
    },
    {
      "type": "wokwi-resistor",
      "id": "r1",
      "top": 13.55,
      "left": 19.2,
      "attrs": { "value": "1000" }
    }
  ],
  "connections": [
    [ "esp:TX", "$serialMonitor:RX", "", [] ],
    [ "esp:RX", "$serialMonitor:TX", "", [] ],
    [ "sevseg1:G", "esp:26", "green", [ "h-48", "v20.04", "h-144.15" ] ],
    [ "sevseg1:A", "esp:0", "green", [ "v-27.96", "h38.4", "v124.8" ] ],
    [ "sevseg1:B", "esp:2", "green", [ "h19.2", "v106.44" ] ],
    [ "sevseg1:C", "esp:4", "green", [ "v0", "v19.2" ] ],
    [ "sevseg1:D", "esp:5", "green", [ "v-38.4", "h-105.6" ] ],
    [ "sevseg1:E", "esp:12", "green", [ "v144", "h-192.15" ] ],
    [ "sevseg1:F", "esp:14", "green", [ "v-123.96", "h-268.8", "v201.6" ] ],
    [ "sevseg1:DP", "esp:33", "green", [ "h38.4", "v-163.2", "h-297.6", "v134.4" ] ],
    [ "r1:2", "sevseg1:COM.2", "green", [ "v0" ] ],
    [ "r1:1", "esp:GND.2", "green", [ "v0" ] ]
  ],
  "dependencies": {}
}