{
  "version": 1,
  "author": "Uri Shaked",
  "editor": "wokwi",
  "parts": [
    {
      "type": "board-esp32-devkit-c-v4",
      "id": "esp",
      "top": 9.6,
      "left": -100.76,
      "attrs": { "env": "micropython-20231005-v1.21.0" }
    },
    {
      "type": "wokwi-analog-joystick",
      "id": "joystick1",
      "top": -48.6,
      "left": 130.2,
      "attrs": {}
    },
    { "type": "wokwi-servo", "id": "servo1", "top": -213.2, "left": 19.2, "attrs": {} }
  ],
  "connections": [
    [ "esp:TX", "$serialMonitor:RX", "", [] ],
    [ "esp:RX", "$serialMonitor:TX", "", [] ],
    [ "servo1:GND", "esp:GND.2", "black", [ "h0" ] ],
    [ "servo1:V+", "esp:5V", "green", [ "h-172.8", "v364.9" ] ],
    [ "esp:3V3", "joystick1:VCC", "green", [ "h-19.05", "v278.4", "h278.4" ] ],
    [ "joystick1:GND", "esp:GND.3", "black", [ "v0" ] ],
    [ "joystick1:SEL", "esp:4", "green", [ "v0" ] ],
    [ "joystick1:VERT", "esp:2", "green", [ "v0" ] ],
    [ "joystick1:HORZ", "esp:15", "green", [ "v0" ] ],
    [ "servo1:PWM", "esp:13", "green", [ "h-153.6", "v317" ] ]
  ],
  "dependencies": {}
}